{"count":1,"self":57.13952,"total":227.9985772,"children":{"InitializeActuators":{"count":32,"self":0.0019188999999999999,"total":0.0019188999999999999,"children":null},"InitializeSensors":{"count":32,"self":0.0019981,"total":0.0019981,"children":null},"AgentSendState":{"count":33846,"self":3.3992576,"total":30.8426899,"children":{"CollectObservations":{"count":108320,"self":25.245948799999997,"total":25.2459486,"children":null},"WriteActionMask":{"count":108320,"self":0.12136269999999999,"total":0.12136269999999999,"children":null},"RequestDecision":{"count":108320,"self":0.43633079999999996,"total":2.0761208,"children":{"AgentInfo.ToProto":{"count":108320,"self":0.3225883,"total":1.6397899999999999,"children":{"GenerateSensorData":{"count":108320,"self":1.045596,"total":1.3172017,"children":{"RayPerceptionSensor.Perceive":{"count":108320,"self":0.2716057,"total":0.2716057,"children":null}}}}}}}}},"DecideAction":{"count":33846,"self":139.49980159999998,"total":139.49980019999998,"children":null},"AgentAct":{"count":33846,"self":0.4548152,"total":0.4548152,"children":null},"AgentInfo.ToProto":{"count":1879,"self":0.0170761,"total":0.055839299999999994,"children":{"GenerateSensorData":{"count":1879,"self":0.0327343,"total":0.0387632,"children":{"RayPerceptionSensor.Perceive":{"count":1879,"self":0.0060288999999999994,"total":0.0060288999999999994,"children":null}}}}}},"gauges":{"MLPlayer.CumulativeReward":{"count":1879,"max":0.5,"min":-20.4000168,"runningAverage":-1.67146981,"value":-0.6,"weightedAverage":-1.03059733}},"metadata":{"timer_format_version":"0.1.0","start_time_seconds":"1714149883","unity_version":"2022.3.19f1","command_line_arguments":"C:\\Program Files\\Unity\\Hub\\Editor\\2022.3.19f1\\Editor\\Unity.exe -projectpath C:\\Users\\hbhatt\\Documents\\GitHub\\jumper-assignment-hamzahbhatti -useHub -hubIPC -cloudEnvironment production -licensingIpc LicenseClient-hbhatt -hubSessionId 7aaf4f78-6d2d-4db7-b531-ef22c1c615fb -accessToken 8BRYoSeixUWd_MxvO0JzaGni5dMs75nZGfv-_TEpJog001f","communication_protocol_version":"1.5.0","com.unity.ml-agents_version":"2.0.1","scene_name":"SampleScene","end_time_seconds":"1714150111"}}