{"count":1,"self":47.8905536,"total":173.29835889999998,"children":{"InitializeActuators":{"count":1,"self":0.0025050999999999997,"total":0.0025050999999999997,"children":null},"InitializeSensors":{"count":1,"self":0.0035007999999999997,"total":0.0035007999999999997,"children":null},"AgentSendState":{"count":50801,"self":0.74858399999999992,"total":8.1089597,"children":{"CollectObservations":{"count":10161,"self":6.8249471999999995,"total":6.8249474999999995,"children":null},"WriteActionMask":{"count":10161,"self":0.030255399999999998,"total":0.030255399999999998,"children":null},"RequestDecision":{"count":10161,"self":0.115218,"total":0.5051728,"children":{"AgentInfo.ToProto":{"count":10161,"self":0.086907299999999993,"total":0.3899548,"children":{"GenerateSensorData":{"count":10161,"self":0.2612094,"total":0.30304749999999997,"children":{"RayPerceptionSensor.Perceive":{"count":10161,"self":0.041838099999999996,"total":0.041838099999999996,"children":null}}}}}}}}},"DecideAction":{"count":50801,"self":117.00263679999999,"total":117.0026381,"children":null},"AgentAct":{"count":50801,"self":0.279098,"total":0.279098,"children":null},"AgentInfo.ToProto":{"count":234,"self":0.0030042,"total":0.0090936,"children":{"GenerateSensorData":{"count":234,"self":0.0050861,"total":0.0060894,"children":{"RayPerceptionSensor.Perceive":{"count":234,"self":0.0010033,"total":0.0010033,"children":null}}}}}},"gauges":{"MLPlayer.CumulativeReward":{"count":234,"max":1.02,"min":-1.12,"runningAverage":0.729829,"value":-1.02,"weightedAverage":-0.169884175}},"metadata":{"timer_format_version":"0.1.0","start_time_seconds":"1714136286","unity_version":"2022.3.19f1","command_line_arguments":"C:\\Program Files\\Unity\\Hub\\Editor\\2022.3.19f1\\Editor\\Unity.exe -projectpath C:\\Users\\hbhatt\\Documents\\vr-exp\\jumperYKHB -useHub -hubIPC -cloudEnvironment production -licensingIpc LicenseClient-hbhatt -hubSessionId 7aaf4f78-6d2d-4db7-b531-ef22c1c615fb -accessToken kXkEO1qi3nAUnBS9G9ZE72C8p8Q0S_4Q1EYSnKkxFqY001f","communication_protocol_version":"1.5.0","com.unity.ml-agents_version":"2.0.1","scene_name":"SampleScene","end_time_seconds":"1714136460"}}