{
    "name": "root",
    "gauges": {
        "MLPlayer.Policy.Entropy.mean": {
            "value": 0.07624318450689316,
            "min": 0.05784519016742706,
            "max": 0.6930953860282898,
            "count": 53
        },
        "MLPlayer.Policy.Entropy.sum": {
            "value": 158.58583068847656,
            "min": 113.8393325805664,
            "max": 1625.1343994140625,
            "count": 53
        },
        "MLPlayer.Step.mean": {
            "value": 105956.0,
            "min": 1982.0,
            "max": 105956.0,
            "count": 53
        },
        "MLPlayer.Step.sum": {
            "value": 105956.0,
            "min": 1982.0,
            "max": 105956.0,
            "count": 53
        },
        "MLPlayer.Policy.ExtrinsicValueEstimate.mean": {
            "value": -0.18863488733768463,
            "min": -0.598335325717926,
            "max": 0.09944112598896027,
            "count": 53
        },
        "MLPlayer.Policy.ExtrinsicValueEstimate.sum": {
            "value": -8.677205085754395,
            "min": -29.916767120361328,
            "max": 3.082674980163574,
            "count": 53
        },
        "MLPlayer.Environment.EpisodeLength.mean": {
            "value": 49.354838709677416,
            "min": 40.12,
            "max": 126.33333333333333,
            "count": 53
        },
        "MLPlayer.Environment.EpisodeLength.sum": {
            "value": 1530.0,
            "min": 379.0,
            "max": 3594.0,
            "count": 53
        },
        "MLPlayer.Environment.CumulativeReward.mean": {
            "value": -1.3300000404318173,
            "min": -13.466667175292969,
            "max": -0.9030303386124697,
            "count": 53
        },
        "MLPlayer.Environment.CumulativeReward.sum": {
            "value": -39.90000121295452,
            "min": -334.6000058352947,
            "max": -28.100000619888306,
            "count": 53
        },
        "MLPlayer.Policy.ExtrinsicReward.mean": {
            "value": -1.3300000404318173,
            "min": -13.466667175292969,
            "max": -0.9030303386124697,
            "count": 53
        },
        "MLPlayer.Policy.ExtrinsicReward.sum": {
            "value": -39.90000121295452,
            "min": -334.6000058352947,
            "max": -28.100000619888306,
            "count": 53
        },
        "MLPlayer.IsTraining.mean": {
            "value": 1.0,
            "min": 1.0,
            "max": 1.0,
            "count": 53
        },
        "MLPlayer.IsTraining.sum": {
            "value": 1.0,
            "min": 1.0,
            "max": 1.0,
            "count": 53
        },
        "MLPlayer.Losses.PolicyLoss.mean": {
            "value": 0.06886120578274131,
            "min": 0.05494796020211652,
            "max": 0.08140587639063597,
            "count": 51
        },
        "MLPlayer.Losses.PolicyLoss.sum": {
            "value": 0.06886120578274131,
            "min": 0.05494796020211652,
            "max": 0.08140587639063597,
            "count": 51
        },
        "MLPlayer.Losses.ValueLoss.mean": {
            "value": 0.03172538058133796,
            "min": 0.029042870737612247,
            "max": 0.10687242280691862,
            "count": 51
        },
        "MLPlayer.Losses.ValueLoss.sum": {
            "value": 0.03172538058133796,
            "min": 0.029042870737612247,
            "max": 0.10687242280691862,
            "count": 51
        },
        "MLPlayer.Policy.LearningRate.mean": {
            "value": 0.0002978831207056266,
            "min": 0.0002978831207056266,
            "max": 0.00029995888001370667,
            "count": 51
        },
        "MLPlayer.Policy.LearningRate.sum": {
            "value": 0.0002978831207056266,
            "min": 0.0002978831207056266,
            "max": 0.00029995888001370667,
            "count": 51
        },
        "MLPlayer.Policy.Epsilon.mean": {
            "value": 0.1992943733333333,
            "min": 0.1992943733333333,
            "max": 0.19998629333333337,
            "count": 51
        },
        "MLPlayer.Policy.Epsilon.sum": {
            "value": 0.1992943733333333,
            "min": 0.1992943733333333,
            "max": 0.19998629333333337,
            "count": 51
        },
        "MLPlayer.Policy.Beta.mean": {
            "value": 0.004999999999999999,
            "min": 0.004999999999999999,
            "max": 0.004999999999999999,
            "count": 51
        },
        "MLPlayer.Policy.Beta.sum": {
            "value": 0.004999999999999999,
            "min": 0.004999999999999999,
            "max": 0.004999999999999999,
            "count": 51
        }
    },
    "metadata": {
        "timer_format_version": "0.1.0",
        "start_time_seconds": "1714149877",
        "python_version": "3.9.18 (main, Sep 11 2023, 14:09:26) [MSC v.1916 64 bit (AMD64)]",
        "command_line_arguments": "C:\\Users\\hbhatt\\AppData\\Local\\anaconda3\\envs\\ml-agents\\Scripts\\mlagents-learn config/MLPlayer.yaml --run-id=jumper2 --time-scale=5",
        "mlagents_version": "0.30.0",
        "mlagents_envs_version": "0.30.0",
        "communication_protocol_version": "1.5.0",
        "pytorch_version": "1.7.1+cu110",
        "numpy_version": "1.21.2",
        "end_time_seconds": "1714150111"
    },
    "total": 233.2598048,
    "count": 1,
    "self": 0.007225200000021914,
    "children": {
        "run_training.setup": {
            "total": 0.12201530000000016,
            "count": 1,
            "self": 0.12201530000000016
        },
        "TrainerController.start_learning": {
            "total": 233.1305643,
            "count": 1,
            "self": 0.1931849000003183,
            "children": {
                "TrainerController._reset_env": {
                    "total": 8.241343200000001,
                    "count": 1,
                    "self": 8.241343200000001
                },
                "TrainerController.advance": {
                    "total": 224.51544759999967,
                    "count": 8246,
                    "self": 0.17752229999945257,
                    "children": {
                        "env_step": {
                            "total": 142.15644220000024,
                            "count": 8246,
                            "self": 119.96728409999852,
                            "children": {
                                "SubprocessEnvManager._take_step": {
                                    "total": 22.07496810000046,
                                    "count": 8246,
                                    "self": 0.47014339999984145,
                                    "children": {
                                        "TorchPolicy.evaluate": {
                                            "total": 21.60482470000062,
                                            "count": 6769,
                                            "self": 21.60482470000062
                                        }
                                    }
                                },
                                "workers": {
                                    "total": 0.11419000000125656,
                                    "count": 8245,
                                    "self": 0.0,
                                    "children": {
                                        "worker_root": {
                                            "total": 227.00983410000063,
                                            "count": 8245,
                                            "is_parallel": true,
                                            "self": 118.35234930000061,