{
    "name": "root",
    "gauges": {
        "MLPlayer.Policy.Entropy.mean": {
            "value": 0.4486667513847351,
            "min": 0.4486667513847351,
            "max": 0.6930886507034302,
            "count": 2
        },
        "MLPlayer.Policy.Entropy.sum": {
            "value": 902.717529296875,
            "min": 902.717529296875,
            "max": 1391.0289306640625,
            "count": 2
        },
        "MLPlayer.Environment.EpisodeLength.mean": {
            "value": 18.666666666666668,
            "min": 18.666666666666668,
            "max": 20.351063829787233,
            "count": 2
        },
        "MLPlayer.Environment.EpisodeLength.sum": {
            "value": 1120.0,
            "min": 1120.0,
            "max": 1913.0,
            "count": 2
        },
        "MLPlayer.Step.mean": {
            "value": 3955.0,
            "min": 1975.0,
            "max": 3955.0,
            "count": 2
        },
        "MLPlayer.Step.sum": {
            "value": 3955.0,
            "min": 1975.0,
            "max": 3955.0,
            "count": 2
        },
        "MLPlayer.Policy.ExtrinsicValueEstimate.mean": {
            "value": -10.92223072052002,
            "min": -10.92223072052002,
            "max": -0.26529401540756226,
            "count": 2
        },
        "MLPlayer.Policy.ExtrinsicValueEstimate.sum": {
            "value": -797.3228759765625,
            "min": -797.3228759765625,
            "max": -24.67234230041504,
            "count": 2
        },
        "MLPlayer.Environment.CumulativeReward.mean": {
            "value": 0.9244262116854308,
            "min": 0.9244262116854308,
            "max": 0.9497849351616316,
            "count": 2
        },
        "MLPlayer.Environment.CumulativeReward.sum": {
            "value": 56.38999891281128,
            "min": 56.38999891281128,
            "max": 88.32999897003174,
            "count": 2
        },
        "MLPlayer.Policy.ExtrinsicReward.mean": {
            "value": 0.9244262116854308,
            "min": 0.9244262116854308,
            "max": 0.9497849351616316,
            "count": 2
        },
        "MLPlayer.Policy.ExtrinsicReward.sum": {
            "value": 56.38999891281128,
            "min": 56.38999891281128,
            "max": 88.32999897003174,
            "count": 2
        },
        "MLPlayer.IsTraining.mean": {
            "value": 1.0,
            "min": 1.0,
            "max": 1.0,
            "count": 2
        },
        "MLPlayer.IsTraining.sum": {
            "value": 1.0,
            "min": 1.0,
            "max": 1.0,
            "count": 2
        },
        "MLPlayer.Losses.PolicyLoss.mean": {
            "value": 0.0696422062232159,
            "min": 0.0696422062232159,
            "max": 0.0696422062232159,
            "count": 1
        },
        "MLPlayer.Losses.PolicyLoss.sum": {
            "value": 0.0696422062232159,
            "min": 0.0696422062232159,
            "max": 0.0696422062232159,
            "count": 1
        },
        "MLPlayer.Losses.ValueLoss.mean": {
            "value": 0.09012803244404495,
            "min": 0.09012803244404495,
            "max": 0.09012803244404495,
            "count": 1
        },
        "MLPlayer.Losses.ValueLoss.sum": {
            "value": 0.09012803244404495,
            "min": 0.09012803244404495,
            "max": 0.09012803244404495,
            "count": 1
        },
        "MLPlayer.Policy.LearningRate.mean": {
            "value": 0.00029995898001367337,
            "min": 0.00029995898001367337,
            "max": 0.00029995898001367337,
            "count": 1
        },
        "MLPlayer.Policy.LearningRate.sum": {
            "value": 0.00029995898001367337,
            "min": 0.00029995898001367337,
            "max": 0.00029995898001367337,
            "count": 1
        },
        "MLPlayer.Policy.Epsilon.mean": {
            "value": 0.19998632666666666,
            "min": 0.19998632666666666,
            "max": 0.19998632666666666,
            "count": 1
        },
        "MLPlayer.Policy.Epsilon.sum": {
            "value": 0.19998632666666666,
            "min": 0.19998632666666666,
            "max": 0.19998632666666666,
            "count": 1
        },
        "MLPlayer.Policy.Beta.mean": {
            "value": 0.004999999999999999,
            "min": 0.004999999999999999,
            "max": 0.004999999999999999,
            "count": 1
        },
        "MLPlayer.Policy.Beta.sum": {
            "value": 0.004999999999999999,
            "min": 0.004999999999999999,
            "max": 0.004999999999999999,
            "count": 1
        }
    },
    "metadata": {
        "timer_format_version": "0.1.0",
        "start_time_seconds": "1714136148",
        "python_version": "3.9.18 (main, Sep 11 2023, 14:09:26) [MSC v.1916 64 bit (AMD64)]",
        "command_line_arguments": "C:\\Users\\hbhatt\\AppData\\Local\\anaconda3\\envs\\ml-agents\\Scripts\\mlagents-learn config/MLPlayer.yaml --run-id=jumper --force",
        "mlagents_version": "0.30.0",
        "mlagents_envs_version": "0.30.0",
        "communication_protocol_version": "1.5.0",
        "pytorch_version": "1.7.1+cu110",
        "numpy_version": "1.21.2",
        "end_time_seconds": "1714136242"
    },
    "total": 94.0263537,
    "count": 1,
    "self": 0.012146099999995386,
    "children": {
        "run_training.setup": {
            "total": 0.25349299999999975,
            "count": 1,
            "self": 0.25349299999999975
        },
        "TrainerController.start_learning": {
            "total": 93.7607146,
            "count": 1,
            "self": 0.19950649999998404,
            "children": {
                "TrainerController._reset_env": {
                    "total": 10.415099,
                    "count": 1,
                    "self": 10.415099
                },
                "TrainerController.advance": {
                    "total": 82.81060890000003,
                    "count": 4835,
                    "self": 0.17586110000050326,
                    "children": {
                        "env_step": {
                            "total": 77.51874349999969,
                            "count": 4835,
                            "self": 50.069400299999714,
                            "children": {
                                "SubprocessEnvManager._take_step": {
                                    "total": 27.346756800000115,
                                    "count": 4835,
                                    "self": 0.5894627999998718,
                                    "children": {
                                        "TorchPolicy.evaluate": {
                                            "total": 26.757294000000243,
                                            "count": 4731,
                                            "self": 26.757294000000243
                                        }
                                    }
                                },
                                "workers": {
                                    "total": 0.10258639999985952,
                                    "count": 4834,
                                    "self": 0.0,
                                    "children": {
                                        "worker_root": {
                                            "total": 85.43452739999982,
                                            "count": 4834,
                                            "is_parallel": true,
                                            "self": 43.96144709999989,
                                            "children": {
                                                "steps_from_proto": {
                                                    "total": 0.0004173999999999012,
                                                    "count": 1,
                                                    "is_parallel": true,
                                                    "self": 0.0001905999999998187,